{
  "width": 1920,
  "height": 1080,
  "fx": 1399.0697520372776,
  "fy": 1399.0697520372776,
  "cx": 960.0,
  "cy": 540.0,
  "k": [
    1399.0697520372776,
    0.0,
    960.0,
    0.0,
    1399.0697520372776,
    540.0,
    0.0,
    0.0,
    1.0
  ],
  "camera_frame": "l515_camera"
}