{
  "status": "ok",
  "mode": "text_geometric",
  "image_size": [
    1920,
    1080
  ],
  "mask_shape": [
    1080,
    1920
  ],
  "num_masks": 1,
  "boxes_xyxy": [
    [
      874.8589477539062,
      505.7275390625,
      1767.2117919921875,
      1078.3173828125
    ]
  ],
  "scores": [
    0.953125
  ],
  "prompt": "mustard bottle",
  "positive_points": [
    [
      1084.1131932629107,
      899.8778559978316
    ]
  ],
  "negative_points": [],
  "box_xyxy": null
}