{
  "status": "ok",
  "mode": "text_geometric",
  "image_size": [
    1920,
    1080
  ],
  "mask_shape": [
    1080,
    1920
  ],
  "num_masks": 1,
  "boxes_xyxy": [
    [
      1246.5938720703125,
      641.9116821289062,
      1890.6893310546875,
      1039.3846435546875
    ]
  ],
  "scores": [
    0.9453125
  ],
  "prompt": "mustard bottle",
  "positive_points": [
    [
      1428.1284837426535,
      771.8772223412783
    ]
  ],
  "negative_points": [],
  "box_xyxy": null
}